,epoch,train_loss,val_loss
0,0,9.729615198855754,1.178654449468013
1,1,3.7310361406416632,0.6312771374068689
2,2,3.5198927178862505,0.6138513818441425
3,3,3.1821144757268485,0.622754125361098
4,4,3.18884711235296,0.7011942502867896
5,5,3.1710621375241317,0.7879207598452922
6,6,2.942739594654995,0.6170414483640343
7,7,2.8694665255607106,0.5399748313357122
8,8,3.279036020670901,0.6076430624816567
9,9,2.8584387294540647,0.49221975094405934
10,10,2.9656700839987025,0.7632099860929884
11,11,2.955372435360914,1.0417340636486188
12,12,2.880303377271048,0.6112155883165542
13,13,2.739228911086684,0.6020258024800569
14,14,2.9286233639577404,0.463851480075391
15,15,2.892481346745626,0.510756052841316
16,16,2.733424457735964,0.4956545152817853
17,17,2.7253487184643745,0.5800761551654432
18,18,2.518665175361093,0.5558174529869575
19,19,2.910481544022332,0.588920048889122
20,20,2.4058856285118964,0.42327124867006205
21,21,2.351023196883034,0.47982926183613017
22,22,2.348041681732866,0.3989840464637382
23,23,2.3420093505555997,0.45303839148255065
24,24,2.2981011906667845,0.3982392587204231
25,25,2.108901729036006,0.5760330042394344
26,26,2.027333464997355,0.38967155943100806
27,27,2.180356853757985,0.5683888837666018
28,28,2.2066770586243365,0.36470282918890007
29,29,2.0873058568977285,0.5762057024985552
30,30,2.1756074209552025,1.137419161212165
31,31,2.4289293229812756,0.43561768883955665
32,32,2.2745947158691706,0.37014222936704755
33,33,1.977142219475354,0.5845014239603188
34,34,2.000270313685178,0.6072833766520489
35,35,1.8907722620933782,0.274229182919953
36,36,1.370602268842049,0.21665005519753322
37,37,1.1608328382571926,0.286502985356492
38,38,1.2581070379092125,0.33345338838989846
39,39,1.1042087475943845,0.24865148105891421
40,40,0.9696973775862716,0.18461608180950861
41,41,1.0701280908979243,0.20410397717205342
42,42,0.8916216304060072,0.3018675683561014
43,43,0.9788606565707596,0.16741998813813552
44,44,0.8730002858937951,0.6380333911511116
45,45,1.0625097296724562,0.16026417922694236
46,46,0.969282865698915,0.21376839134609327
47,47,0.7136483616195619,0.1433390341262566
48,48,0.9103324571624398,0.25214726738340687
49,49,0.8800429159746272,0.16273907241702545
50,50,1.1861037928902078,0.16165315729449503
51,51,0.8970870013872627,0.25979035643104
52,52,0.8316594655625522,0.14907864679116756
53,53,0.7681051518011373,0.21720402858045418
54,54,0.690920069871936,0.16781989649462048
55,55,0.7936896189930849,0.1679296208312735
56,56,0.7256222375726793,0.1500111655332148
57,57,1.0923169872985454,0.13592176567181014
58,58,0.6940901809357456,0.1241257715591928
59,59,0.8492975575354649,0.2723112414532807
60,60,0.6894589428266045,0.1488347284757765
61,61,0.6738848538661841,0.1373923744977219
62,62,0.7014075019251322,0.13813583665614715
63,63,0.5969977259373991,0.12703715257521253
64,64,0.7611412169353571,0.21146076134755276
65,65,1.7335077364987228,0.41112771289772354
66,66,1.9524393525352934,0.3716805072617717
67,67,1.3912303664837964,0.21375785072450526
68,68,1.1756054470024537,0.23975403502117842
69,69,1.0387417890451616,0.16269613728218246
70,70,0.9377312862634426,0.2720903195440769
71,71,0.9408084005553974,0.15948354004649445
72,72,0.9674927664746065,0.1812670543877175
73,73,0.8033874300890602,0.5392938810400665
74,74,0.9154609096440254,0.2643662915797904
75,75,0.7801474529405823,0.1498918641009368
76,76,1.1439060364209581,0.1777444614272099
77,77,0.9822256729676155,0.16483232761675026
78,78,0.7116656888902071,0.15901710804610047
79,79,0.6615548439149279,0.13467137521365657
80,80,0.8101605206175009,0.17641043577168602
81,81,0.8431170538678998,0.12901703038369305
82,82,0.8066611690592254,0.15111651833285578
83,83,0.7297221786720911,0.11610854059108533
84,84,0.7021416377392597,0.1622669072385179
85,85,0.7380646159435855,0.17928765126271173
86,86,0.71345849307545,0.14281952107558027
87,87,0.6649277897085994,0.13769646036962513
88,88,0.672622476136894,0.12363015481969342
89,89,0.9231683449615957,0.20479158515809104
90,90,0.6657228520489298,0.13485084965941496
91,91,0.6921219247597037,0.14036943285464076
92,92,0.6642817894171458,0.20025310925848316
93,93,0.5814072771609062,0.11455150123219937
94,94,0.7454790496558417,0.15635441678750794
95,95,0.6016788623674074,0.13915726033155806
96,96,0.7987502907199087,0.1518704479385633
97,97,0.6916622169665061,0.11869036636198871
98,98,0.6199271954537835,0.13176542147994041
99,99,0.594783035092405,0.15577997411310207
100,100,0.5556796846867655,0.676554516539909
101,101,0.7276575993892038,0.1657879560807487
102,102,0.6880420028755907,0.11742447031429037
103,103,0.5940097318743938,0.16182140794990119
104,104,0.6683394232968567,0.14442305368720554
105,105,0.5646851326018805,0.117282343460829
106,106,0.6029716831981204,0.15325365774333477
107,107,0.5576319478277583,0.12997892129351385
108,108,0.584600806083472,0.2710685776837636
109,109,0.7363233738287818,0.13715390785364434
110,110,0.6799745467069442,0.10698933872481575
111,111,0.5668436698906589,0.1251250480854651
112,112,0.651847240565985,0.1270370274578454
113,113,0.5571083046088461,0.12780605339503381
114,114,0.5972252206702251,0.37758350124931894
115,115,0.5865309615328442,0.19704201068088878
116,116,0.536443843273446,0.11384524355526082
117,117,0.5694876447960269,0.1604065928986529
118,118,0.8191123228752986,0.2281818660267163
119,119,0.6508855709253112,0.11991638231847901
120,120,0.5491750039436738,0.12090577044000383
121,121,0.5316167923811008,0.24861262954073027
122,122,0.5263238430925412,0.1147880672942847
123,123,0.5209940526983701,0.12981170587590896
124,124,0.5413143516198033,0.13154062704415992
125,125,0.5506660430546617,0.15468559667351656
126,126,0.8003185061825207,0.15537695719103795
127,127,0.5169055520527763,0.1073919363625464
128,128,0.6439847761939745,0.1757895891860244
129,129,0.4657101105331094,0.10072592284268467
130,130,0.5839722791788517,0.11243530450155959
131,131,0.5081713093532017,0.13685298227937892
132,132,0.4723215475532925,0.12140042980900034
133,133,0.5640563384440611,0.14390559149615
134,134,0.59885927932919,0.11251280149735976
135,135,0.5087759763773647,0.16777851642109454
136,136,0.531261304684449,0.10049733366759028
137,137,0.5150065491470741,0.11932041512045544
138,138,0.5047115942797973,0.11253362016577739
139,139,0.5907497015505214,0.11424583666666877
140,140,0.9854743105970556,0.11180773234809749
141,141,0.4661407156381756,0.11585381816257723
142,142,0.4413516200220329,0.09693607002554927
143,143,0.4788795403583208,0.10853376047452912
144,144,0.5123869641247438,0.1646754225512268
145,145,0.49751110576471547,0.10584911485784687
146,146,0.5382903069476015,0.1918433386454126
147,147,0.5815333849168383,0.14531792345223948
148,148,0.46296008136414457,0.13983644134714268
149,149,0.5509659829549491,0.18184846489748452
150,150,0.5771047669404652,0.15377094551513437
151,151,0.46608078222197946,0.10104334685456706
152,152,0.4729163094089017,0.11874133913079277
153,153,0.5659269140160177,0.31153052346780896
154,154,0.5335222928697476,0.10326827851531561
155,155,0.48539957722096005,0.0954169693577569
156,156,0.49088168013258837,0.10261190070013981
157,157,0.4909153750195401,0.14155851368559524
158,158,0.48466742064920254,0.101728379195265
159,159,0.47031537306611426,0.12207857980683912
160,160,0.6032312269526301,0.13061490932886954
161,161,0.6321335829416057,0.13463107151619624
162,162,0.6908273878361797,0.13201521083828993
163,163,0.44620819480041973,0.100898304641305
164,164,0.48201064467139076,0.14849132699600887
165,165,0.5208832908465411,0.10405127634294331
166,166,0.4614674763943185,0.1266426047659479
167,167,0.5074308417679276,0.1569514957300271
168,168,0.45901538197358605,0.1252834470869857
169,169,0.7008549456804758,0.10350016366282944
170,170,0.5712602615676587,0.10757789868512191
171,171,0.4532001859333832,0.14641800887329737
172,172,0.44882352193963015,0.11601429599977564
173,173,0.5061716462369077,0.14209866042074282
174,174,0.5769639575373731,0.10446210452937521
175,175,0.48017255308513995,0.17174790358694736
176,176,0.5790350538954954,0.10674078235751949
177,177,0.4774912335415138,0.11503273514244938
178,178,0.5160455286168144,0.13509757314022863
179,179,0.515991328014934,0.10246812265540939
180,180,0.44305134108435595,0.24041342637792695
181,181,0.6136874316216563,0.14524299051845446
182,182,0.4748403802877874,0.10456574408453889
183,183,0.403304781197221,0.09571116926963441
184,184,0.4856765587173868,0.10300533231929876
185,185,0.6311347648443189,0.10506635528872721
186,186,0.4644220504560508,0.10732892858504783
187,187,0.4124303174612578,0.10763957590097561
188,188,0.425247653547558,0.11358244963048492
189,189,0.47009805543348193,0.09698517863580491
190,190,0.4730623620125698,0.11811312244390137
191,191,0.5322533170838142,0.11292992942617275
192,192,0.459687717462657,0.11198593238805188
193,193,0.47521784378477605,0.11224066355498508
194,194,0.44061341234191786,0.09274422822636552
195,195,0.5902315524581354,0.09540422788268188
196,196,0.4088712782249786,0.09811477870243834
197,197,0.5579823014850263,0.09657309149042703
198,198,0.4156382203218527,0.10254328648443334
199,199,0.5886174898259924,0.10141109723190311
200,200,0.4544975034878007,0.09900272192317061
201,201,0.40743104337889235,0.09593563299858943
202,202,0.42770524914521957,0.12828295207873452
203,203,0.4662328294434701,0.08960624909377657
204,204,0.4192541393422289,0.09882452651072526
205,205,0.5312935184847447,0.09573917975649238
206,206,0.5022915894078324,0.12996530297095887
207,207,0.43937734104838455,0.09977201846049866
208,208,0.43752934900840046,0.0866829242586391
209,209,0.43974140872160206,0.09656919223198202
210,210,0.4316320227517281,0.10908498275239253
211,211,0.4481439767696429,0.09393949295917992
212,212,0.5887730916801956,0.09822744122357108
213,213,0.4603409887422458,0.09694407921779202
214,214,0.4949485634788289,0.09654124631197192
215,215,0.450758120539831,0.11302429919305723
216,216,0.4264130973169813,0.5549148994032294
217,217,0.4164156610277132,0.10084132086922182
218,218,0.40383295230276417,0.1100545474619139
219,219,0.48353648062766297,0.20893407546100207
220,220,0.4447103496568161,0.09125974267954007
221,221,0.43279118619830115,0.10811103715241188
222,222,0.4543897280236706,0.10959348399774171
223,223,0.4209038187400438,0.09457736947661033
224,224,0.4192308881683857,0.09336285528843291
225,225,0.5256599264757824,0.09512692701537162
226,226,0.4432305712616653,0.11349082849483239
227,227,0.48443474049418,0.08978775696596131
228,228,0.45239606168615865,0.1042417400458362
229,229,0.42481879876868334,0.09218572755344212
230,230,0.44471808739035623,0.1200461704574991
231,231,0.4022827629814856,0.10976292362465756
232,232,0.44109085194941144,0.09082999736710917
233,233,0.45414476024598116,0.09838734436925733
234,234,0.46673064951755805,0.11839434711146168
235,235,0.5582038876018487,0.10276622191304341
236,236,0.397365175311279,0.09401727317890618
237,237,0.4367718429857632,0.09984789570444264
238,238,0.6610608681003214,0.10419319060747512
239,239,0.474029994031298,0.12320252458448522
240,240,0.40298770056688227,0.10826791651197709
241,241,0.40784188332327176,0.09046374748140806
242,242,0.4474516657865024,0.18559878674568608
243,243,0.38225071600754745,0.10173464340186911
244,244,0.42963736386445817,0.10826131238718517
245,245,0.40957675415847916,0.08844295045128092
246,246,0.4091668838591431,0.09884658373630373
247,247,0.5014386131442734,0.10590347525430843
248,248,0.39513749242178164,0.10350273156655021
249,249,0.47933457235922106,0.09809538018453168
250,250,0.4434541640803218,0.1008892601748812
251,251,0.43437465964234434,0.09162199105048785
252,252,0.44636171059391927,0.08989942390326178
253,253,0.47445583766238997,0.09603250892541837
254,254,0.4932047689144383,0.09449016705912072
255,255,0.41332256736495765,0.1022837164637167
256,256,0.3861156548737199,0.08850660853931913
257,257,0.4126580245429068,0.09478571203362662
258,258,0.3860503556788899,0.11651613451249432
259,259,0.44162100210087374,0.0949581132736057
260,260,0.36623728561244207,0.09734710733755492
261,261,0.5069260439631762,0.1260443307546666
262,262,0.4360422031604685,0.09152271378115984
263,263,0.45478918185835937,0.10804111043398734
264,264,0.3747796205498162,0.12757316684292164
265,265,0.4048539934810833,0.09670600786921568
266,266,0.3999096162515343,0.09028516911348561
267,267,0.40705063451605383,0.12543273083429085
268,268,0.39369932308909483,0.08530985702236649
269,269,0.4317676035570912,0.19822963199112564
270,270,0.5485892747383332,0.10020994974911446
271,271,0.3637386173795676,0.09533713865675963
272,272,0.36953958529920783,0.124419213301735
273,273,0.4592680122659658,0.09297804800735321
274,274,0.43642894161166623,0.11727933115616906
275,275,0.3696176185258082,0.09601846347504761
276,276,0.4290560252702562,0.09669614997255849
277,277,0.4936303987633437,0.09275393340794835
278,278,0.3963053224651958,0.08568373514572158
279,279,0.43928162419615546,0.12726685842790175
280,280,0.4738453014870174,0.08791169646428898
281,281,0.45946156091667945,0.1011675702611683
282,282,0.3658227459018235,0.09373470475838985
283,283,0.42724429870577296,0.09644510353973601
284,284,0.3921507249397109,0.10567131219431758
285,285,0.40041945142729674,0.10015624870720785
286,286,0.45922749041346833,0.1923565351171419
287,287,0.4890811779696378,0.08831261756859021
288,288,0.3896832333994098,0.10503044624056201
289,289,0.41467482391453814,0.10125757794594392
290,290,0.5070159622919164,0.09043674204440322
291,291,0.42027858786605066,0.09459413688455243
292,292,0.37410525288578356,0.09767568048846442
293,293,0.483767514473584,0.08655390661442652
294,294,0.3619692342035705,0.14267836033832282
295,295,0.39496661029261304,0.08571866140846396
296,296,0.40930067728913855,0.1498175342567265
297,297,0.42157835599937243,0.10506557267217431
298,298,0.39647729469288606,0.09622824755206238
299,299,0.41410003246710403,0.08695818918931764
300,300,0.44799102886463515,0.12315967225731583
301,301,0.3818527015610016,0.10463991109281778
302,302,0.44470726105646463,0.1215945770527469
303,303,0.3734861741613713,0.11213245690305484
304,304,0.41070331629452994,0.12171019680681638
305,305,0.42921561418188503,0.12434752163244411
306,306,0.3699621551131713,0.09948252821050119
307,307,0.3982994788821088,0.09960094586131163
308,308,0.40293272016424453,0.09872541369259125
309,309,0.4086307356628822,0.1029625824521645
310,310,0.40798360512417275,0.09684511955856578
311,311,0.5331156448519323,0.09406989345006878
312,312,0.36796996929479064,0.08189826861780602
313,313,0.3834496570198098,0.10972044644586276
314,314,0.39195386301435065,0.09452406587661244
315,315,0.3849442194405128,0.13984526476997416
316,316,0.3778835754346801,0.10811549223581096
317,317,0.45450289519067155,0.11455543444753857
318,318,0.49122468940913677,0.09792803381424164
319,319,0.38457877920154715,0.08617576307005947
320,320,0.352036770171253,0.08854861969302874
321,321,0.3836644865295966,0.0844278354124981
322,322,0.4219995208331966,0.10288670096633723
323,323,0.38420537252386566,0.09982452500844374
324,324,0.37017105643462855,0.10824580898042768
325,325,0.3817475362084224,0.08903049619402736
326,326,0.45284998884017114,0.09551205542084062
327,327,0.4349205948456074,0.09291789557028096
328,328,0.37503534286952345,0.11887143240892328
329,329,0.3997779433047981,0.09499992334167473
330,330,0.37235113146016374,0.08493073632416781
331,331,0.4005797760983114,0.09190854743792443
332,332,0.36351256088528316,0.12469601871271152
333,333,0.45625824316812214,0.08287730090523837
334,334,0.3762274248438189,0.08934707929438446
335,335,0.45239636126643745,0.09381821606075391
336,336,0.36936530647653854,0.08426662840793142
337,337,0.4556939430985949,0.2764416977588553
338,338,0.5098768191528507,0.08920342415513005
339,339,0.3721634473040467,0.08327778022066923
340,340,0.38498603536572773,0.09074418942327611
341,341,0.36952672948973486,0.1193765387579333
342,342,0.35182049843569985,0.1199424619844649
343,343,0.3777395732977311,0.11570078412478324
344,344,0.3873299371043686,0.09129050556657603
345,345,0.3745445716485847,0.0954242641091696
346,346,0.3930867641684017,0.106560157291824
347,347,0.3657826332419063,0.13479475017811637
348,348,0.48130838778888574,0.09986713166290428
349,349,0.4320097152158269,0.09420904788566986
350,350,0.47754986536165234,0.10068692855566042
351,351,0.42560722665075446,0.09099052350211423
352,352,0.38784581857180456,0.10354452148021664
353,353,0.3516726348316297,0.09245173555973452
354,354,0.39469058429676807,0.09229291129304329
355,355,0.36832642777153524,0.09158518047479447
356,356,0.39095300241024233,0.08539509412366897
357,357,0.3784641091042431,0.08975628842017613
358,358,0.3693988908344181,0.09115203976398334
359,359,0.3893807660933817,0.14866366834030487
360,360,0.4830535612272797,0.10250724601064576
361,361,0.39975022051658016,0.2119399949297076
362,362,0.3839904228661908,0.08854517472354928
363,363,0.5025855597123154,0.08653076029440854
364,364,0.40730781528691296,0.08203725863131694
365,365,0.3986312524211826,0.11276171616918873
366,366,0.39459562167030526,0.08334432118863333
367,367,0.36022100679110736,0.1006338850420434
368,368,0.4015475127816899,0.19903007442189846
369,369,0.5278745163232088,0.106032359006349
370,370,0.3790118709439412,0.08416869784559822
371,371,0.33842035711859353,0.1239067507267464
372,372,0.37258426487096585,0.08868879546207609
373,373,0.4561210132596898,0.0964914743162808
374,374,0.4981955095863668,0.12185128730925499
375,375,0.41706173927377677,0.08728382317349315
376,376,0.36067499591445085,0.08953027078678133
377,377,0.3923763757557026,0.08895121171372011
378,378,0.37997835431451676,0.08615084800840123
379,379,0.367437512431934,0.08761418936774135
380,380,0.3909047093693516,0.0896261609668727
381,381,0.38585373582463944,0.09879273745173123
382,382,0.5591285449045245,0.12114568342803977
383,383,0.3805923082836671,0.09194031181687023
384,384,0.3358729767278419,0.10394612157688243
385,385,0.37128139168635244,0.4873724688659422
386,386,0.4618104599721846,0.08472130010341061
387,387,0.34332941148022655,0.1035082883463474
388,388,0.3703102371437126,0.08479292764968704
389,389,0.36358786344499094,0.08909439435956301
390,390,0.4063913251593476,0.09341952607792336
391,391,0.37570819025859237,0.09077044308651239
392,392,0.5186233886415721,0.09359682550712023
393,393,0.3345479230192723,0.0849050142642227
394,394,0.3454929264917155,0.08461724116205005
395,395,0.45121219316934,0.09901631292450475
396,396,0.38011946951883147,0.0890596910903696
397,397,0.3698792588111246,0.08626148154144175
398,398,0.3893194917764049,0.11886289752146695
399,399,0.3608528377226321,0.09778007256682031
400,400,0.3489516161280335,0.08178266359755071
401,401,0.36559352277981816,0.08204807265428826
402,402,0.3963093003985705,0.1130078178975964
403,403,0.37469164411595557,0.11916496874619043
404,404,0.4484603979581152,0.10440344203379937
405,405,0.36733717221795814,0.08352693839697167
406,406,0.38243575461456203,0.08450289968459401
407,407,0.3762000440474367,0.15182541766989743
408,408,0.3588661840913119,0.12634110858198255
409,409,0.35699712509813253,0.07996721231029369
410,410,0.37764482841885183,0.08959997040801682
411,411,0.34895625986973755,0.09170276691293111
412,412,0.357136423146585,0.09182615326426458
413,413,0.5271400763231213,0.09017926893284312
414,414,0.8219408896693494,0.13612381396524142
415,415,0.6151370384905022,0.0969149498778279
416,416,0.3547563318279572,0.10480889191967435
417,417,0.3334240846670582,0.08593867289891932
418,418,0.36343465575919254,0.09073003687808523
419,419,0.3283136658210424,0.09470943047926994
420,420,0.5051628607179737,0.09010136929282453
421,421,0.3588981755383429,0.1215278518066043
422,422,0.37712746068427805,0.089957713658805
423,423,0.3711678477120586,0.08981961197423516
424,424,0.3401212416574708,0.09696042523137294
425,425,0.3656029230551212,0.08995576636516489
426,426,0.3479467453798861,0.08892149622988654
427,427,0.3596435932631721,0.09627196751534939
428,428,0.3945374834584072,0.08598397792229662
429,429,0.404571016333648,0.2876322091615293
430,430,0.392421256758098,0.13371157155779656
431,431,0.43151081519317813,0.0786604680979508
432,432,0.3927901822607964,0.08401812284864718
433,433,0.35547103606222663,0.08504541181173408
434,434,0.36653878604556667,0.11322104957071133
435,435,0.38591152342996793,0.08781196481868392
436,436,0.3543384484728449,0.08862729416432558
437,437,0.37226602760347305,0.09306783413194353
438,438,0.358819105233124,0.07754979684250429
439,439,0.32457190031709615,0.08726319818379125
440,440,0.41787338967696996,0.0861202131054597
441,441,0.37594423055270454,0.08626310405816184
442,442,0.44006579125561984,0.16428992511646356
443,443,0.3778751646532328,0.09975127918733051
444,444,0.34769852957106195,0.08563116020377493
445,445,0.3651445247523952,0.11611376072687563
446,446,0.3744872017923626,0.11063527710211929
447,447,0.3656734182513901,0.08210484914889093
448,448,0.33332502080884296,0.08581360075913835
449,449,0.44025715737370774,0.081993807478284
450,450,0.37329733815568034,0.10718873632140458
451,451,0.47692258106690133,0.09226665937603684
452,452,0.38840745633933693,0.0963201793274493
453,453,0.35883598309737863,0.08715203369501978
454,454,0.3779256057823659,0.09322880535910372
455,455,0.396637589110469,0.10122320264053997
456,456,0.36783406297763577,0.097073320466734
457,457,0.3320583051536232,0.09841959215555107
458,458,0.38348780032538343,0.15097778191557154
459,459,0.3778090547930333,0.09701916475023609
460,460,0.3387416990590282,0.07647504749184009
461,461,0.36068374653405044,0.09083102500153473
462,462,0.40452408200508216,0.08168126418604515
463,463,0.34628631865780335,0.09318428749975283
464,464,0.33421902896952815,0.08724726131185889
465,465,0.37802703777560964,0.09423205519851763
466,466,0.40593573128717253,0.09931036157649942
467,467,0.3472198634990491,0.09075776801910251
468,468,0.3921630823460873,0.09798740066617029
469,469,0.40603590614773566,0.08998165553202853
470,470,0.37192435935139656,0.07905179243243765
471,471,0.35561987813707674,0.09791764288092963
472,472,0.336109930263774,0.08574501206021523
473,473,0.4029122373103746,0.08135622896952555
474,474,0.33950706989708124,0.08500675802497426
475,475,0.3625474322543596,0.08473932156630326
476,476,0.3757651825071662,0.08336899921414442
477,477,0.47848090768093243,0.12632583678350784
478,478,0.34018126265436877,0.08626006546546705
479,479,0.35699145060789306,0.1191593274124898
480,480,0.3455140254809521,0.10811147352796979
481,481,0.409060908939864,0.09297853856696747
482,482,0.43523840458510676,0.09604691980348434
483,483,0.3451709994842531,0.11564564416767098
484,484,0.3571753039432224,0.08065885088581126
485,485,0.37494205272378167,0.09540351512259804
486,486,0.35822104918042896,0.10995946859475225
487,487,0.3551697620205232,0.08900975425785873
488,488,0.35257618137984537,0.0969987139760633
489,489,0.38297350079665193,0.07923581416980596
490,490,0.4131960900995182,0.11714867463160772
491,491,0.3470708649692824,0.08076812759099994
492,492,0.42775447545864154,0.43036897890851833
493,493,0.3554107179515995,0.08201110235677334
494,494,0.344381141840131,0.09703200205694884
495,495,0.3625017419544747,0.0898185953265056
496,496,0.3342754293626058,0.09837189073732588
497,497,0.358541245397646,0.10325393614766654
498,498,0.3794399280741345,0.08479691277898382
499,499,0.35770437705650693,0.08776209571806248
500,500,0.37041155355836963,0.08417878164618742
501,501,0.373111733199039,0.1208720149443252
502,502,0.37058308248379035,0.09314683428965509
503,503,0.3550921862843097,0.12123670188884716
504,504,0.35540583728288766,0.1034614781892742
505,505,0.3817305367483641,0.08648822718532756
506,506,0.40835739109752467,0.08629454516631085
507,507,0.3696916579938261,0.09478668542578816
508,508,0.3434192521235673,0.10598379508883227
509,509,0.37516149773000507,0.08948059678368736
510,510,0.32455141780519625,0.0883562874951167
511,511,0.38872658547916217,0.0874417213635752
512,512,0.35512465566716855,0.10301521311339457
513,513,0.5315813396082376,0.11167189429397695
514,514,0.34152815983543405,0.08314562938903691
515,515,0.3146061936276965,0.09446875835419632
516,516,0.3225181985399104,0.10147383937146515
517,517,0.4077108519486501,0.08264245885948185
518,518,0.3469565588675323,0.09250668532331474
519,519,0.3759046422492247,0.1342639280774165
520,520,0.3395486942536081,0.08312764368747594
521,521,0.36535252374596894,0.10477223657653667
522,522,0.5207918521555257,0.09354122887452831
523,523,0.31438351883844007,0.09833943504054332
524,524,0.33572675903269555,0.0893976684747031
525,525,0.3383887855015928,0.09206572039693128
526,526,0.3349253510386916,0.08318362373393029
527,527,0.3694251429697033,0.09174804695794592
528,528,0.3450962436036207,0.08241277581691975
529,529,0.42460489783843514,0.09152440729667433
530,530,0.3410704711350263,0.09252301078959135
531,531,0.3262514887537691,0.11772718952852301
532,532,0.3504145912011154,0.08500275660480838
533,533,0.31668041784723755,0.10275026120507391
534,534,0.3854454741886002,0.14056432695360854
535,535,0.3627554980048444,0.0894303489694721
536,536,0.3773660273072892,0.08345929564529797
537,537,0.36591493943706155,0.5034529156982899
538,538,0.4377483530624886,0.10601179384684656
539,539,0.3551493740087608,0.08958122587500839
540,540,0.32157903381448705,0.07806982247711858
541,541,0.34800719346822007,0.09717165214533452
542,542,0.3185260267346166,0.08401284540013876
543,543,0.4309120808102307,0.0859698932908941
544,544,0.3641746373832575,0.09622653336555231
545,545,0.32532520949462196,0.08724303301278269
546,546,0.3445344428619137,0.10510345119837439
547,547,0.42073160431027645,0.6060809107730165
548,548,0.5251510666566901,0.08736543016129872
549,549,0.32880809948255774,0.10447241562360432
550,550,0.3626261092576897,0.08606800308189122
551,551,0.33825285634520696,0.0881588639022084
552,552,0.3501492949872045,0.10111027323000599
553,553,0.34785818270756863,0.08139707988448208
554,554,0.3037639447793481,0.0787671366269933
555,555,0.35614902690576855,0.09912917466135696
556,556,0.354938759439392,0.08802732386538992
557,557,0.3388267763002659,0.13072777835623128
558,558,0.3628135795079288,0.10164996883395361
559,559,0.3060032666835468,0.08115426263975678
560,560,0.37996778658998664,0.10990155653416878
561,561,0.7186830463178921,0.07698272093693959
562,562,0.4002300692736753,0.11415379207755905
563,563,0.3714813342157868,0.11678741016658023
564,564,0.3173135556135094,0.08616558855283074
565,565,0.31091875195124885,0.10673460783436894
566,566,0.36791603310848586,0.08736937122012023
567,567,0.33646234409388853,0.10502621263731271
568,568,0.3551227337520686,0.256217589660082
569,569,0.33057421873672865,0.08934520476032048
570,570,0.32744243822526187,0.09797747296397574
571,571,0.36753960422356613,0.11373008796363138
572,572,0.3603093186975457,0.09672529611270875
573,573,0.3542249255988281,0.09557114040944725
574,574,0.37310377063113265,0.1170009420166025
575,575,0.35332275195105467,0.13091851239732932
576,576,0.3623422466116608,0.08474887237389339
577,577,0.31048439633013913,0.10668772482313216
578,578,0.35989310764853144,0.07756497612717794
579,579,0.37476821235759417,0.09976744737650733
580,580,0.31445907829038333,0.09538045315275667
581,581,0.3277124473679578,0.08141753231029725
582,582,0.5735095257405192,0.10585009686474223
583,583,0.3368508080893662,0.08971255360665964
584,584,0.33961712971358793,0.08746456496737665
585,585,0.32884042100340594,0.12606471961771604
586,586,0.31785306895471876,0.0797367002160172
587,587,0.34059759195224615,0.10244996607070789
588,588,0.3537696566199884,0.09172331128502265
589,589,0.3559685494983569,0.09414651324914303
590,590,0.32431108427408617,0.1289782175590517
591,591,0.344563087230199,0.08410225129773607
592,592,0.32833794377802406,0.07950450526550412
593,593,0.3570473853033036,0.1486933479027357
594,594,0.33584885574964574,0.08226736044161953
595,595,0.3405996023720945,0.08347134307405213
596,596,0.37176175801141653,0.08150417391152587
597,597,0.43988643542979844,0.09732412274024682
598,598,0.3445988199382555,0.07871252590121003
599,599,0.32576099971629446,0.08086188262677751
600,600,0.3949491595631116,0.08728304567921441
601,601,0.3203974462885526,0.07807871145632816
602,602,0.32806441580032697,0.08255781271873275
603,603,0.3422352368943393,0.08930092857190175
604,604,0.347827133780811,0.08421777527837548
605,605,0.3973358927250956,0.21051627531414852
606,606,0.37768976695952006,0.09407225938048214
607,607,0.32190638314932585,0.11749152350967051
608,608,0.3329706092554261,0.10447166186349932
609,609,0.34101841261872323,0.07889115076250164
610,610,0.36389206710009603,0.09520191852061544
611,611,0.36489785178855527,0.09857021475909278
612,612,0.3004588967669406,0.09185537746816408
613,613,0.30485061871877406,0.09629213110747514
614,614,0.36369400998955825,0.08275597250758437
615,615,0.33850012163748033,0.09429772800649516
616,616,0.35555065573134925,0.08923940468230285
617,617,0.3608320616549463,0.08711682006105548
618,618,0.3263152443760191,0.09385664116416592
619,619,0.34846572576498147,0.10097574938845355
620,620,0.32197216675558593,0.08337772895902162
621,621,0.34139395589591004,0.08475362206809223
622,622,0.342142252055055,0.07306982149020769
623,623,0.33202552507282235,0.09117175244318787
624,624,0.3231177903144271,0.09563064463145565
625,625,0.3598271156006376,0.08329601136938436
626,626,0.48921859326947015,0.07611688801262062
627,627,0.32072585164860357,0.09988243613770464
628,628,0.3282336834963644,0.08043872324196855
629,629,0.32338273873756407,0.09554906775883865
630,630,0.364433705319243,0.11561471084860386
631,631,0.37031570771796396,0.08213868216262199
632,632,0.37679918247886235,0.07774792928103125
633,633,0.337920636004128,0.08020969841163605
634,634,0.3212646573811071,0.08333608991233632
635,635,0.3145531697518891,0.07397363614290953
636,636,0.3506607071904,0.1770104253300815
637,637,0.40052369966724655,0.1357097556028748
638,638,0.30721087704296224,0.08729701655829558
639,639,0.37520887443679385,0.086502095022297
640,640,0.37739698037330527,0.09740832298848545
641,641,0.44999672866106266,0.07869321899488568
642,642,0.32372857435257174,0.08381056375947082
643,643,0.31430941227881704,0.1003891741784173
644,644,0.3502578008483397,0.09506338753271848
645,645,0.4171578201712691,0.08422406925092218
646,646,0.3677509913031827,0.093541284375533
647,647,0.29560124449199066,0.08921236313472036
648,648,0.31266215755749727,0.08599352828605333
649,649,0.32511205955961486,0.10872695810394362
650,650,0.6041183781126165,0.08593000755354296
651,651,0.3883024590832065,0.09097819069575053
652,652,0.3305495453023468,0.08331920244381763
653,653,0.30352528714138316,0.10864207564736716
654,654,0.3234346677054418,0.0947297663151403
655,655,0.3233991406450514,0.08502777461399091
656,656,0.3901546740307822,0.09514340460009407
657,657,0.31911449298786465,0.09126273810397834
658,658,0.32446330582752125,0.08437585456704255
659,659,0.32388759464083705,0.07972705723659601
660,660,0.33370315099455183,0.0793925790785579
661,661,0.3329821868610452,0.08567241383570945
662,662,0.3426657206218806,0.15646520620794035
663,663,0.36121904391620774,0.08143718348583207
664,664,0.3486783001862932,0.07751923886826262
665,665,0.34627891768468544,0.10203465721860994
666,666,0.32733256643405184,0.07975141015049303
667,667,0.3006012842670316,0.08576216971414397
668,668,0.3494738107910962,0.09627770799124846
669,669,0.3670900271172286,0.08355477943405276
670,670,0.34264928506308934,0.08938112250325503
671,671,0.3025340744352434,0.08389463346247794
672,672,0.34437854370480636,0.08121185416530352
673,673,0.35257504154287744,0.08698013838147745
674,674,0.42587704802281223,0.1008035843478865
675,675,0.33616613554477226,0.10645685018971562
676,676,0.342067305209639,0.08350645997415995
677,677,0.34020152199082077,0.09993849085731199
678,678,0.3260608630916977,0.08398803311138181
679,679,0.32791258309589466,0.08674356117262505
680,680,0.34973207495932,0.07901681874500355
681,681,0.30750779045774834,0.2717244803789072
682,682,0.5034676278010011,0.09318959883239586
683,683,0.3484259924662183,0.08292261698807124
684,684,0.38952160633925814,0.08133946930320235
685,685,0.3674179497320438,0.08193503013171721
686,686,0.35309823906573,0.0855662413086975
687,687,0.3700502468345803,0.09466848446027143
688,688,0.3482896934801829,0.08013772022241028
689,689,0.3066259274710319,0.08825664414325729
690,690,0.3221677468973212,0.08257309519103728
691,691,0.35312721144146053,0.07305695984541671
692,692,0.3346337017210317,0.08307692970265634
693,693,0.3301419976342004,0.08419586742093088
694,694,0.3208275218275958,0.08741278004890773
695,695,0.42006353801843943,0.08545993926236406
696,696,0.3211134210578166,0.2536228507524356
697,697,0.3134682113668532,0.0877670479239896
698,698,0.3001120172048104,0.08322258301632246
699,699,0.3229394055524608,0.08595654019154608
700,700,0.3369855326600373,0.07934561488946201
701,701,0.357865135098109,0.08533065886877012
702,702,0.33738396643457236,0.08520844383747317
703,703,0.3583081690740073,0.0798345039729611
704,704,0.3262288477999391,0.0762226295482833
705,705,0.31784127317223465,0.08101259438990382
706,706,0.3380853603739524,0.13351273676380515
707,707,0.3337855197751196,0.08386711627827026
708,708,0.31860372627852485,0.08269324246793985
709,709,0.3237744773941813,0.08057817111694021
710,710,0.3352256345679052,0.0798175978125073
711,711,0.390930998546537,0.09005101101502078
712,712,0.33329735052393517,0.08268389964359812
713,713,0.41812163949362,0.11126143037108704
714,714,0.3057926709225285,0.08035317794565344
715,715,0.3754703570739366,0.08685431143385358
716,716,0.30518427831702866,0.10236276513751363
717,717,0.3518473633375834,0.08920148733159294
718,718,0.3384020462472108,0.07822530592238763
719,719,0.3390808822296094,0.08499988805851899
720,720,0.3142652477908996,0.11485051848285366
721,721,0.3671215528738685,0.08978983137058094
722,722,0.349857901717769,0.0806258636439452
723,723,0.33446500419813674,0.07694972232275177
724,724,0.3213274217196158,0.07669419302692404
725,725,0.30573470009403536,0.08238206495298073
726,726,0.3325683661169023,0.08394915342796594
727,727,0.3293567951914156,0.08448993977799546
728,728,0.3096578321856214,0.07839601350133307
729,729,0.31297511438606307,0.0868005652228021
730,730,0.3852664169462514,0.08557640018261736
731,731,0.37108800016721943,0.12185296028474113
732,732,0.31996132597123506,0.10890626300533768
733,733,0.34683705309726065,0.08393815674207872
734,734,0.3309114450967172,0.09764205410465365
735,735,0.3006260930778808,0.08813217321585398
736,736,0.3156349220662378,0.10379583512985846
737,737,0.31892801331559895,0.08495369556476362
738,738,0.31773090637580026,0.08397873642388731
739,739,0.30608498714718735,0.07482769607304363
740,740,0.3313490317668766,0.08787513217248488
741,741,0.32250782608025474,0.0842918327107327
742,742,0.3290438451076625,0.09041848032211419
743,743,0.31376534193987027,0.07750542555004358
744,744,0.36078861764690373,0.0814380462106783
745,745,0.3103712415395421,0.08456262057006825
746,746,0.3455596807107213,0.07947447439801181
747,747,0.34028301813668804,0.08176883188571082
748,748,0.34702546720654937,0.0829214106706786
749,749,0.3172966028068913,0.07886304152634693
750,750,0.311251665763848,0.10144669925648486
751,751,0.33305411103356164,0.07731574635545257
752,752,0.33695425678160973,0.08900901522429194
753,753,0.36400443881575484,0.08272643930104095
754,754,0.29809321001084754,0.12514822292723693
755,755,0.2966791728758835,0.1314977489382727
756,756,0.36657320457015885,0.07847665977897123
757,757,0.33355077110172715,0.08443686522514326
758,758,0.34544179172371514,0.07968204147618962
759,759,0.32927812221169006,0.11177174895419739
760,760,0.32411023161694175,0.08161166685022181
761,761,0.3757652580534341,0.08097300687950337
762,762,0.29350631139823236,0.09083470194309484
763,763,0.32010230316518573,0.08394041086285142
764,764,0.3348445005394751,0.08400315955805127
765,765,0.3081000901511288,0.08964722557720961
766,766,0.29154043999369605,0.08568521289998898
767,767,0.3931521111881011,0.07624271277018124
768,768,0.31868773451424204,0.08579405554337427
769,769,0.29720860355882905,0.08762407631002134
770,770,0.32924388187529985,0.07500180995702976
771,771,0.3123139235030976,0.08504482296848437
772,772,0.35017767528188415,0.09923773982154671
773,773,0.3493312485952629,0.07590197432000423
774,774,0.3012006791141175,0.08388627866224851
775,775,0.31483717717128457,0.07928177801659331
776,776,0.3277358385748812,0.08941246675385628
777,777,0.325094239837199,0.09558444176946068
778,778,0.33821180978702614,0.11424517136765644
779,779,0.32590408661053516,0.08665480822673999
780,780,0.29959690938994754,0.08025808913225774
781,781,0.3341459301227587,0.08138108099956298
782,782,0.31661392648675246,0.082842310956039
783,783,0.35860692660935456,0.14392813549784478
784,784,0.3240628733765334,0.11507636778696906
785,785,0.3073305036887177,0.09998197294044076
786,786,0.32496130869549233,0.1762520175689133
787,787,0.3411339456724818,0.07955311046680436
788,788,0.30319338521076133,0.09258732996386243
789,789,0.3278598943288671,0.08005917211266933
790,790,0.3821766381224734,0.07621392286091577
791,791,0.3353639457563986,0.07812431430647848
792,792,0.30567554383014794,0.11191733345913235
793,793,0.339555699894845,0.080471806548303
794,794,0.3556000919415965,0.07950153720594244
795,795,0.29839057460048934,0.08159369051281828
796,796,0.32026560134545434,0.08270316535345046
797,797,0.3650460526914685,0.10816104734840337
798,798,0.31618577816698235,0.07883193442830816
799,799,0.3060967484198045,0.08002598582970677
800,800,0.3158409687966923,0.0976958921237383
801,801,0.33454375717701623,0.09174050886213081
802,802,0.31017541267647175,0.07692682566994336
803,803,0.30672247799520846,0.08402377564198105
804,804,0.3014040231355466,0.1398361660685623
805,805,0.3188234515109798,0.07567410542833386
806,806,0.360713304435194,0.07833560157450847
807,807,0.3872360585592105,0.08902538794791326
808,808,0.33658056564308936,0.08247573023982113
809,809,0.3265611498063663,0.0967686592557584
810,810,0.3148828198463889,0.07585000376275275
811,811,0.31789372104685754,0.12144820687535685
812,812,0.31283411119511584,0.08339709649590077
813,813,0.34460066704195924,0.07686227888189023
814,814,0.30359816178679466,0.08297097693866817
815,815,0.35690170464658877,0.0897263247097726
816,816,0.301826964954671,0.07977069808839587
817,817,0.31999122418346815,0.07874012915272033
818,818,0.3153254703793209,0.10059525126416702
819,819,0.3259896619420033,0.09681789251044393
820,820,0.34622347684489796,0.1368723820487503
821,821,0.3135327994459658,0.07850697067624424
822,822,0.32022627330297837,0.08444275009969715
823,823,0.34741790083717206,0.08290089486399665
824,824,0.32942268318583956,0.10368444512278074
825,825,0.32465088968456257,0.08620431407325668
826,826,0.31455007498152554,0.07993613226426532
827,827,0.3434634077566443,0.08575055045366753
828,828,0.37207311853126157,0.086346575175412
829,829,0.3212567015361856,0.08840501313534332
830,830,0.29551540411193855,0.08385836271918379
831,831,0.3218346177236526,0.08038341719657183
832,832,0.35607732149219373,0.08322500188660342
833,833,0.31147511414746987,0.07377369297319092
834,834,0.3535969077129266,0.07472451819921844
835,835,0.30843749535415554,0.09445045909524197
836,836,0.32464938791963505,0.09038306727597956
837,837,0.3094691547594266,0.07678634331387002
838,838,0.3138254217337817,0.08620826889091404
839,839,0.33270788609661395,0.09131958136276808
840,840,0.30202616659516934,0.0875359493365977
841,841,0.3469804119959008,0.07460708232974866
842,842,0.2884529989314615,0.08881898361869389
843,843,0.3689766640673042,0.08529322633694392
844,844,0.36054533195419936,0.23702082713134587
845,845,0.3284992786720977,0.07503399667621125
846,846,0.33119106641970575,0.07918348364182748
847,847,0.30295729537465377,0.07782498068263521
848,848,0.3047731088954606,0.0890223289898131
849,849,0.3128988157695858,0.07349767925188644
850,850,0.3388813539131661,0.0852124903613003
851,851,0.3651226949150441,0.09692011498555075
852,852,0.31912181453299127,0.09493141178973019
853,853,0.3125705233105691,0.11264486059371848
854,854,0.30998217010346707,0.07458679156115977
855,855,0.3298438430574606,0.10679846048878971
856,856,0.3268492825955036,0.13627598565653898
857,857,0.32239686862158123,0.0875355266398401
858,858,0.3085833871518844,0.08525872052268824
859,859,0.31421326797499205,0.07981927186483517
860,860,0.30452825611428125,0.09005347670608899
861,861,0.34166063541488256,0.11343791270337533
862,862,0.3419674866599962,0.08099943446723046
863,863,0.3364247682329733,0.07654462364735082
864,864,0.2962420197291067,0.07454878727003234
865,865,0.30629279280401533,0.07831096118025016
866,866,0.3190379161169403,0.16189291432965547
867,867,0.3513827586575644,0.15266264425008558
868,868,0.35755836304451805,0.08036086180072743
869,869,0.3204684076408739,0.07360962572420249
870,870,0.3311205984791741,0.06889935696381144
871,871,0.32599216329253977,0.07905016399308806
872,872,0.41934998433862347,0.08515606543369358
873,873,0.3637881171089248,0.08529400740371784
874,874,0.32264394230151083,0.08812529657006962
875,875,0.39842938799847616,0.2231845568312565
876,876,0.33610349793889327,0.09511194996593986
877,877,0.31294285341573413,0.08465551691915607
878,878,0.3105405972964945,0.10583067052357364
879,879,0.33965934137813747,0.08016410663549323
880,880,0.3182184946927009,0.09570224536582828
881,881,0.325593280402245,0.07361140241846442
882,882,0.3747522021003533,0.08952334724017419
883,883,0.3077214483273565,0.09013001802668441
884,884,0.3013746895303484,0.084553090382542
885,885,0.32190898769476917,0.14024087664438412
886,886,0.324421308861929,0.08199131994479103
887,887,0.31793450630357256,0.07947543467889773
888,888,0.2975899450611905,0.07566643762402236
889,889,0.3060643800708931,0.08348890391062014
890,890,0.31939861665159697,0.09609342883049976
891,891,0.32925085998431314,0.08098951914871577
892,892,0.32097692322713556,0.07457355678343447
893,893,0.39975779245287413,0.08322032373689581
894,894,0.34332546264340635,0.08010233642562525
895,895,0.3101682055275887,0.07924316090793582
896,896,0.3264728881549672,0.08460527962597553
897,897,0.33096813842712436,0.07485361807630397
898,898,0.3358476769972185,0.09271256297506625
899,899,0.30186402364779497,0.08658406011818442
900,900,0.3293567568034632,0.07672945968806744
901,901,0.30624482325220015,0.07398084816668415
902,902,0.2815140793500177,0.07294996070413617
903,903,0.2998199371868395,0.09455575040192343
904,904,0.3456424522373709,0.0821408697302104
905,905,0.3199053371354239,0.07738402490213048
906,906,0.3040423111160635,0.09497211157577112
907,907,0.31491996426848345,0.0797724705626024
908,908,0.3280988367187092,0.09016807866282761
909,909,0.3078028589079622,0.08079519414604874
910,910,0.3139717346202815,0.0765082000507391
911,911,0.34849919009866426,0.0784976248833118
912,912,0.3328026672679698,0.09650095616234466
913,913,0.3447465509889298,0.08350108682498103
914,914,0.3022049811988836,0.09608450645464472
915,915,0.3799717825713742,0.17687316992669366
916,916,0.41168319748248905,0.08714505597163225
917,917,0.32052995487174485,0.10261509600968566
918,918,0.31471707961463835,0.09336665388400434
919,919,0.3053613433148712,0.07852510906377574
920,920,0.3111519710655557,0.0989122110477183
921,921,0.2964955024217488,0.09949776098073926
922,922,0.31700766921858303,0.08002945077168988
923,923,0.3826210596016608,0.09890305549197365
924,924,0.3067310178812477,0.07700736556580523
925,925,0.3139366946052178,0.07828469138621585
926,926,0.29818157760746544,0.07671950307849329
927,927,0.2888854941484169,0.08354580449667992
928,928,0.3186505518096965,0.08764964355214033
929,929,0.29281517453637207,0.07529985755536472
930,930,0.33970615737052867,0.0952973881358048
931,931,0.3041459178130026,0.07292299419350456
932,932,0.30478587651305133,0.08821504427760374
933,933,0.38734208474488696,0.10421021467482205
934,934,0.31299873670650413,0.0897250463895034
935,935,0.31506117833487224,0.07778625110222492
936,936,0.31937347978237085,0.10494297731202096
937,937,0.32242378535011085,0.1435861992649734
938,938,0.30631311273464235,0.15786570664204191
939,939,0.4159689711596002,0.08873078165925108
940,940,0.32205519374110736,0.10064358172530774
941,941,0.33175794603448594,0.08118706085951999
942,942,0.2939779336520587,0.08520806660089875
943,943,0.36220149642031174,0.08063499112904537
944,944,0.3050918762164656,0.08224139583762735
945,945,0.293466385359352,0.07784842408727854
946,946,0.2984629658894846,0.07567125130299246
947,947,0.3180926001878106,0.0792315705693909
948,948,0.3171028063443373,0.08723191446915735
949,949,0.30886841183382785,0.08129072983865626
950,950,0.29747363332717214,0.1382285862491699
951,951,0.38256239662587177,0.07903503813577117
952,952,0.3020179796294542,0.07781456634984352
953,953,0.31570774225110654,0.07929524865903659
954,954,0.28442282663309015,0.0752443485398544
955,955,0.3004952493865858,0.08867118912166916
956,956,0.29912151096505113,0.07552038799622096
957,957,0.3118088383489521,0.08311323927773628
958,958,0.2939724500247394,0.08938443289662246
959,959,0.3296453438233584,0.08236105987452902
960,960,0.29802399335312657,0.08299077816627687
961,961,0.2874165099237871,0.08376710482843919
962,962,0.3318728808517335,0.08501438861640054
963,963,0.3214476564535289,0.09033155268843984
964,964,0.33335298499878263,0.11393841034441721
965,965,0.3232009749917779,0.0801733640691964
966,966,0.3014946839393815,0.07957166001142468
967,967,0.29902246989513515,0.0788903425927856
968,968,0.3372915435975301,0.07970949407172156
969,969,0.2902997246419545,0.08288172920583747
970,970,0.3163727069804736,0.087065409286879
971,971,0.3021582184082945,0.07422482957917964
972,972,0.3802953802078264,0.07604943363548955
973,973,0.3338453424585168,0.09283415344543755
974,974,0.28599886545998743,0.079188387368049
975,975,0.3066851351977675,0.07847497723560082
976,976,0.28274076192610664,0.07799145740136737
977,977,0.3195060631187516,0.08485569387994474
978,978,0.3174315548458253,0.0877629842798342
979,979,0.35431372884340817,0.09520698444976006
980,980,0.36947045847045956,0.08129017624742119
981,981,0.30797759428969584,0.0799240962805925
982,982,0.3718075177021092,0.07735426058934536
983,983,0.3451268157004961,0.08918264316162094
984,984,0.2944631329664844,0.077014044560201
985,985,0.342836774099851,0.09308308667095844
986,986,0.30395177024183795,0.07913169573293999
987,987,0.3375623512401944,0.07686702960927505
988,988,0.36717089494050015,0.0754847947100643
989,989,0.29317651441670023,0.08920538065285655
990,990,0.2904022989823716,0.06768224680126878
991,991,0.35562144065625034,0.08775780971336644
992,992,0.3033527122970554,0.08003600041411119
993,993,0.290075511620671,0.08231831799639622
994,994,0.3235951935130288,0.07230969597731018
995,995,0.3399213001175667,0.07557574805105105
996,996,0.3759275871052523,0.08064986198587576
997,997,0.3203645604698977,0.08285373678518226
998,998,0.3133787408078206,0.09371861323597841
999,999,0.3522920617106138,0.07954206546128262
1000,1000,0.3705889987468254,0.12395833668415435
1001,1001,0.31813578016590327,0.08156252952903742
1002,1002,0.29453113600902725,0.0917008734177216
1003,1003,0.30874994539044565,0.07499043638381409
1004,1004,0.2902990381626296,0.07723068741324823
1005,1005,0.3073098539025523,0.07812806819129037
1006,1006,0.32523435701295966,0.0899803921347484
1007,1007,0.3466397519441671,0.08247216587915318
1008,1008,0.3013397384347627,0.1045695966022322
1009,1009,0.2966471862382605,0.08907206629373832
1010,1010,0.3213647874072194,0.07409441533673089
1011,1011,0.2979817075029132,0.07199793720064918
1012,1012,0.3232613001309801,0.07187684458767762
1013,1013,0.3076071787800174,0.07740798970189644
1014,1014,0.30631109444220783,0.08160651112120831
1015,1015,0.2999954895967676,0.0767767354263924
1016,1016,0.31285406457755016,0.08440476338000735
1017,1017,0.2906165393360425,0.0840144586545648
1018,1018,0.30176028234564,0.07906491849280428
1019,1019,0.30550209259672556,0.08229432039661333
1020,1020,0.384491183427599,0.08110601700900588
1021,1021,0.3137361999506538,0.08497652024379931
1022,1022,0.3361836714539095,0.07825494302232983
1023,1023,0.28660448650771286,0.08052349856006913
